{"steps":100300,"deck_D_mean_reward":0.7440517544746399,"deck_B_mean_reward":-4.829472541809082,"advantageous_ratio":0.99,"episode_reward":154.30065968632698,"mean_reward":169.24032747611403,"_step":1002,"deck_C_mean_reward":1.4860855340957642,"_timestamp":1.7337423606712143e+09,"deck_C_preference":0.97,"deck_A_mean_reward":-5.464062690734863,"deck_B_preference":0.01,"_wandb":{"runtime":306},"episode":1003,"_runtime":305.4121186,"deck_D_preference":0.02,"deck_A_preference":0.01}