{"_runtime":99.0851512,"_step":49935,"loss":19.208629608154297,"episode_reward":0,"raw_reward":50,"_wandb":{"runtime":99},"prospect_reward":0,"_timestamp":1.733730327754737e+09}