{"raw_reward":50,"prospect_reward":0,"_timestamp":1.733730664676871e+09,"_runtime":97.3108714,"_wandb":{"runtime":99},"_step":49935,"loss":19.14947509765625,"episode_reward":0}