{"deck_C_preference":0.68,"episode_reward":197.19489204883575,"deck_D_mean_reward":-0.6478596329689026,"deck_B_mean_reward":-7.506408214569092,"deck_B_preference":0.03,"_runtime":1582.4697276,"deck_C_mean_reward":3.5092077255249023,"steps":503800,"deck_A_mean_reward":-13.659745216369629,"_timestamp":1.7337368160217526e+09,"deck_A_preference":0.02,"_wandb":{"runtime":1586},"deck_D_preference":0.27,"_step":5037,"advantageous_ratio":0.95,"mean_reward":255.4240865394473,"episode":5038}