{"exploration_rate":0.05,"total_money":-5900,"_timestamp":1.7337332815412908e+09,"_wandb":{"runtime":60},"_runtime":60.0288945,"_step":12467,"loss":3.903052806854248,"reward":-17.271257851301996}