{"_wandb":{"runtime":452},"loss":18.656999588012695,"episode_reward":0,"raw_reward":50,"prospect_reward":0,"_timestamp":1.7337312288677068e+09,"_runtime":449.6768207,"_step":149807}