{"_wandb":{"runtime":771},"_step":149807,"loss":1.518389105796814,"episode_reward":0,"raw_reward":-550,"prospect_reward":0,"_timestamp":1.7337325800729413e+09,"_runtime":767.9127834}