{"advantageous_ratio":0.99,"_runtime":194.2074199,"episode":2007,"deck_B_preference":0.01,"deck_A_mean_reward":-0.9410573840141296,"deck_D_mean_reward":-0.08699434250593185,"episode_reward":-10.549310684204102,"mean_reward":-30.43646564602852,"_timestamp":1.733746547206314e+09,"steps":200700,"_step":2006,"deck_A_preference":0.01,"deck_C_preference":0.01,"deck_D_preference":0.98,"deck_B_mean_reward":-1.4638564586639404,"deck_C_mean_reward":-0.3424157202243805,"_wandb":{"runtime":195}}