{"deck_D_mean_reward":-1.677712082862854,"_timestamp":1.7337430715360174e+09,"deck_A_preference":0.01,"advantageous_ratio":1,"episode_reward":165.6446603834629,"deck_A_mean_reward":-4.979775428771973,"_runtime":179.3680939,"deck_C_mean_reward":1.8925741910934448,"deck_B_preference":0.01,"deck_D_preference":0.02,"steps":100300,"mean_reward":172.90495413035154,"episode":1003,"_wandb":{"runtime":184},"deck_C_preference":0.98,"deck_B_mean_reward":-8.3261137008667,"_step":2005}