{"_runtime":192.8681362,"_step":2006,"_timestamp":1.7337468228330271e+09,"episode_reward":-26.09830141067505,"deck_C_preference":0.01,"steps":200700,"deck_B_mean_reward":-0.9901144504547119,"deck_C_mean_reward":-0.33857110142707825,"mean_reward":-30.22939689785242,"episode":2007,"deck_D_preference":0.99,"deck_A_preference":0.02,"deck_B_preference":0.01,"deck_A_mean_reward":-1.0311309099197388,"deck_D_mean_reward":-0.26098302006721497,"advantageous_ratio":1,"_wandb":{"runtime":194}}