{"_wandb":{"runtime":56},"_step":12467,"loss":4.111626625061035,"reward":-17.26993177722272,"exploration_rate":0.05,"total_money":1350,"_timestamp":1.7337335182694583e+09,"_runtime":56.1269203}