{"_runtime":602.1946088,"_step":3009,"advantageous_ratio":1,"deck_D_mean_reward":-0.46396979689598083,"_timestamp":1.733745290510875e+09,"deck_C_mean_reward":-0.321288138628006,"episode_reward":-46.77924984693527,"deck_B_preference":0.01,"deck_A_preference":0.01,"steps":200700,"deck_A_mean_reward":-0.759901225566864,"mean_reward":-28.812013715207577,"deck_D_preference":0.99,"deck_C_preference":0.01,"_wandb":{"runtime":603},"deck_B_mean_reward":-0.6348080635070801,"episode":2007}