{
  "baseline": {
    "mean_reward": -1800.5490690323934,
    "std_reward": 7.439779787457425,
    "mean_cd_ratio": 0.4680333333333333,
    "deck_preferences": {
      "A": 45.526666666666664,
      "B": 7.670000000000001,
      "C": 28.236666666666668,
      "D": 18.566666666666666
    }
  },
  "risk_sensitive": {
    "mean_reward": -1824.2342336303755,
    "std_reward": 18.05516248536315,
    "mean_cd_ratio": 0.39189999999999997,
    "deck_preferences": {
      "A": 5.773333333333333,
      "B": 55.03666666666666,
      "C": 24.69666666666667,
      "D": 14.493333333333332
    }
  },
  "human": {
    "reward_mean": 3199.0,
    "reward_std": 1534.1240171511558,
    "cd_ratio_mean": 0.6166999999999999,
    "cd_ratio_std": 0.06064742368806774,
    "deck_preferences": {
      "A": 17.88,
      "B": 20.45,
      "C": 29.29,
      "D": 32.38
    }
  }
}