{"total_money":2150,"_wandb":{"runtime":56},"_timestamp":1.7337334004371367e+09,"_runtime":56.4170246,"_step":12467,"loss":4.049694061279297,"reward":-17.270582597484783,"exploration_rate":0.05}