{
  "reward_mean": 7617.5,
  "reward_std": 6451.059506003646,
  "cd_ratio_first_100": 0.6500000000000001,
  "cd_ratio_second_100": 0.8167539267015705,
  "cd_ratio_overall": 0.7333769633507854,
  "deck_preferences": {
    "A": 13.712041884816752,
    "B": 12.950261780104713,
    "C": 37.23298429319372,
    "D": 36.10471204188482
  }
}