{
  "reward_mean": 10074.75,
  "reward_std": 6379.73157252717,
  "cd_ratio_first_100": 0.7099999999999997,
  "cd_ratio_second_100": 0.8545636910732196,
  "cd_ratio_overall": 0.7822818455366096,
  "deck_preferences": {
    "A": 11.261283851554664,
    "B": 10.510531594784354,
    "C": 38.563189568706115,
    "D": 39.664994984954866
  }
}