{"_wandb":{"runtime":2807},"episode":10076,"deck_A_preference":0.3,"advantageous_ratio":0.52,"episode_reward":-3430.5260766744614,"_runtime":2803.1487124,"deck_C_mean_reward":15.932686805725098,"_step":10075,"deck_D_mean_reward":10.854997634887695,"deck_B_preference":0.18,"deck_B_mean_reward":-77.23536682128906,"deck_D_preference":0.26,"deck_C_preference":0.26,"deck_A_mean_reward":-34.68366622924805,"_timestamp":1.7337415981372013e+09,"steps":1007600,"mean_reward":-1186.5922037279606}