{"steps":100300,"_timestamp":1.7337350400355694e+09,"_runtime":276.8379491,"_step":1002,"episode_reward":278.38565838336945,"_wandb":{"runtime":279},"mean_reward":373.0431915742159}