{"_timestamp":1.7337344901127706e+09,"_runtime":275.6687267,"_step":1002,"episode_reward":175.1693171840161,"mean_reward":140.9457164532691,"_wandb":{"runtime":276},"steps":100300}